Query_ID	Target_ID	Optimal_offset	p-value	E-value	q-value	Overlap	Query_consensus	Target_consensus	Orientation
1	KLF4_MOUSE.H11MO.0.A	2	1.3984e-06	0.000742548	0.00079124	7	CCCACCC	GCCACACCCACTCCA	-
1	KLF1_MOUSE.H11MO.0.A	6	1.53917e-06	0.000817298	0.00079124	7	CCCACCC	CCCGGCCCCACCCT	-
1	SALL4_MOUSE.H11MO.0.A	0	3.02684e-06	0.00160725	0.00103734	7	CCCACCC	CCCACCCTCC	-
1	KLF5_MOUSE.H11MO.0.A	2	5.67208e-06	0.00301187	0.00145792	7	CCCACCC	GCCCCACCCTGCCCC	-
1	EGR2_MOUSE.H11MO.0.A	2	2.26003e-05	0.0120007	0.00462737	7	CCCACCC	CCCCCGCCCACGCC	-
1	KLF3_MOUSE.H11MO.0.A	6	2.70043e-05	0.0143393	0.00462737	7	CCCACCC	CCCGGCCCCGCCCCTCCCC	-
1	EGR1_MOUSE.H11MO.0.A	1	6.81045e-05	0.0361635	0.010003	7	CCCACCC	CCCCGCCCCCGCAC	-
1	KLF6_MOUSE.H11MO.0.B	8	8.5253e-05	0.0452694	0.0101238	7	CCCACCC	CCCCCGGCCCCGCCCTTCC	-
1	SP1_MOUSE.H11MO.1.A	2	8.86206e-05	0.0470575	0.0101238	7	CCCACCC	GCCCCGCCCCC	-
1	SP4_MOUSE.H11MO.1.B	4	0.000123238	0.0654394	0.0126625	7	CCCACCC	CGGCCCCGCCCCCTCC	-
1	SALL1_MOUSE.H11MO.0.D	6	0.000135476	0.0719376	0.0126625	7	CCCACCC	CCCTGCCCCACCCTCCC	-
1	EGR2_MOUSE.H11MO.1.A	5	0.000166464	0.0883925	0.0142624	7	CCCACCC	CCCCCCCCTCCCACGCCC	-
1	SP3_MOUSE.H11MO.0.B	7	0.000194025	0.103027	0.015345	7	CCCACCC	CCCCGGCCCCGCCCCCCCCC	-
1	MAZ_MOUSE.H11MO.1.A	2	0.000296963	0.157687	0.0218085	7	CCCACCC	CCCCCTCCCTC	-
1	SP2_MOUSE.H11MO.1.C	2	0.000715253	0.379799	0.0490254	7	CCCACCC	GCCCCGCCCCCT	-
1	KLF15_MOUSE.H11MO.0.A	11	0.000824929	0.438037	0.053009	7	CCCACCC	CCCCCCCCTGCTCCTCCCC	-
1	ZIC1_MOUSE.H11MO.0.B	1	0.000916425	0.486622	0.0542294	7	CCCACCC	GACCACCCC	-
1	ZN148_MOUSE.H11MO.0.D	1	0.000949412	0.504138	0.0542294	7	CCCACCC	CCCCTCCCCCACCCC	-
1	ZBT17_MOUSE.H11MO.0.A	4	0.00122605	0.651032	0.0663448	7	CCCACCC	CCGCCCCTCCCCCACCCCC	-
1	MAZ_MOUSE.H11MO.0.A	13	0.00136066	0.722512	0.0677621	7	CCCACCC	CCCCCCCCCCCCCCCCTCCCCC	-
1	GLI3_MOUSE.H11MO.0.D	2	0.00138405	0.734933	0.0677621	7	CCCACCC	AGACCACCCAGG	-
1	WT1_MOUSE.H11MO.1.A	2	0.0015422	0.818906	0.0720725	7	CCCACCC	CCTCCTCCCAC	-
1	GLI1_MOUSE.H11MO.0.C	2	0.00165732	0.880039	0.0740853	7	CCCACCC	AGACCACCCAGG	-
1	SP1_MOUSE.H11MO.0.A	6	0.00185194	0.983378	0.0756467	7	CCCACCC	CCCGGCCCCGCCCCCTCCCCCCCC	-
1	TBX5_MOUSE.H11MO.0.D	1	0.00193195	1.02586	0.0756467	7	CCCACCC	TCACACCT	-
1	HTF4_MOUSE.H11MO.0.A	0	0.00214701	1.14006	0.0756467	7	CCCACCC	CCCACCTGCT	-
1	EGR3_MOUSE.H11MO.0.D	-1	0.00218587	1.1607	0.0756467	6	CCCACCC	ACACCCACTCT	-
1	ZN281_MOUSE.H11MO.0.A	1	0.00219431	1.16518	0.0756467	7	CCCACCC	CCCCTCCCCCACCCC	-
1	TBX3_MOUSE.H11MO.0.B	1	0.00219586	1.166	0.0756467	7	CCCACCC	TAGCACCTT	-
1	SP5_MOUSE.H11MO.1.C	1	0.00227036	1.20556	0.0756467	7	CCCACCC	CTCCTCCCCCTCC	-
1	SNAI1_MOUSE.H11MO.0.C	-1	0.00228086	1.21114	0.0756467	6	CCCACCC	CCACCTGG	-
1	KLF8_MOUSE.H11MO.0.C	0	0.00238628	1.26712	0.0766698	7	CCCACCC	CACCCCCTG	-
1	WT1_MOUSE.H11MO.0.B	7	0.00254209	1.34985	0.0792007	7	CCCACCC	CCCCCCCTCCTCCCCCGCCC	-
1	SP4_MOUSE.H11MO.0.B	6	0.00304301	1.61584	0.0920187	7	CCCACCC	CCCGGCCCCGCCCCCTTCCC	-
1	SP5_MOUSE.H11MO.0.C	1	0.00354131	1.88044	0.102942	7	CCCACCC	CTCCTCCCCCTCCCCCTCCCCCCC	-
1	E2F4_MOUSE.H11MO.0.A	4	0.00360448	1.91398	0.102942	7	CCCACCC	ATTTCCCGCCCCCT	-
1	ZEB1_MOUSE.H11MO.0.B	0	0.0041363	2.19638	0.114938	7	CCCACCC	CTCACCTGTC	-
1	E2F1_MOUSE.H11MO.0.A	3	0.00456752	2.42536	0.12358	7	CCCACCC	TTTCCCGCCCTC	-
1	SP2_MOUSE.H11MO.0.B	8	0.00490105	2.60246	0.129204	7	CCCACCC	CCCCCGGCCCCGCCCCCCCCCC	-
1	ZN423_MOUSE.H11MO.0.D	-1	0.00707789	3.75836	0.181927	6	CCCACCC	GCACCCTTGGGTGCC	-
1	ITF2_MOUSE.H11MO.0.B	0	0.0077184	4.09847	0.193551	7	CCCACCC	TGCACCTGG	-
1	GLI2_MOUSE.H11MO.0.D	2	0.00849434	4.51049	0.207938	7	CCCACCC	AGACCACCCAC	-
1	SRBP1_MOUSE.H11MO.0.B	0	0.00985168	5.23124	0.235556	7	CCCACCC	CTCACCCCACC	-
1	RREB1_MOUSE.H11MO.0.D	7	0.0102824	5.45993	0.240266	7	CCCACCC	ACCCCAAACCACCCCCCCCCCC	-
1	E2F3_MOUSE.H11MO.0.A	3	0.0110568	5.87117	0.252621	7	CCCACCC	CCTCCCGCCC	-
1	E2F7_MOUSE.H11MO.0.C	5	0.0121255	6.43862	0.271015	7	CCCACCC	CCTTTCCCGCCCC	-
1	TBX21_MOUSE.H11MO.0.A	3	0.0132376	7.02914	0.281712	7	CCCACCC	TCTCACACCTCC	-
1	TFDP1_MOUSE.H11MO.0.D	4	0.0136097	7.22673	0.281712	7	CCCACCC	TTTTCCCGCCCCCC	-
1	NR0B1_MOUSE.H11MO.0.D	3	0.0137001	7.27474	0.281712	7	CCCACCC	TCTCCCACGC	-
1	SNAI2_MOUSE.H11MO.0.A	1	0.0141397	7.50817	0.285051	7	CCCACCC	ATGCACCTGCC	-
1	SRBP2_MOUSE.H11MO.0.B	6	0.0161858	8.59465	0.320024	7	CCCACCC	CCTCACCCCACCC	-
1	GCM1_MOUSE.H11MO.0.D	0	0.0194715	10.3393	0.377725	7	CCCACCC	AATACCCGCATGTG	-
1	EGR4_MOUSE.H11MO.0.D	2	0.0200486	10.6458	0.381719	7	CCCACCC	GCCCTGCCGCC	-
1	E2F6_MOUSE.H11MO.0.A	4	0.0216499	11.4961	0.404711	7	CCCACCC	CCTTCCCGCCCA	-
1	GLIS3_MOUSE.H11MO.0.D	1	0.0222344	11.8065	0.408216	7	CCCACCC	TACCCCCCAC	-
1	ZBT7A_MOUSE.H11MO.0.B	0	0.0254447	13.5111	0.458959	7	CCCACCC	GAGACCCCC	-
1	IKZF1_MOUSE.H11MO.0.C	-1	0.025954	13.7816	0.460076	6	CCCACCC	TCTCCCAA	-
1	ARNT2_MOUSE.H11MO.0.D	4	0.0265383	14.0918	0.462459	7	CCCACCC	GCCTCCCACGCC	-
1	NKX21_MOUSE.H11MO.0.A	-1	0.0290173	15.4082	0.497232	6	CCCACCC	CCACTCAAGA	-
2	SOX2_MOUSE.H11MO.1.A	3	3.12157e-07	0.000165755	0.000323137	7	CTTTGTT	TTCCTTTGTTCTG	+
2	SOX15_MOUSE.H11MO.0.D	0	9.54377e-07	0.000506774	0.000493974	7	CTTTGTT	CATTGTT	+
2	SOX9_MOUSE.H11MO.0.A	8	5.06485e-06	0.00268944	0.00174767	7	CTTTGTT	AAAGGGGCCTTTGTTC	+
2	SOX3_MOUSE.H11MO.0.C	2	8.22658e-06	0.00436831	0.00212899	7	CTTTGTT	GCCTTTGTTCC	+
2	SRY_MOUSE.H11MO.0.B	0	1.36267e-05	0.00723576	0.0028212	7	CTTTGTT	TTTTGTTTT	+
2	SOX5_MOUSE.H11MO.0.C	0	2.55986e-05	0.0135928	0.00441651	7	CTTTGTT	TATTGTTA	+
2	SOX10_MOUSE.H11MO.0.B	9	3.10551e-05	0.0164902	0.0045925	7	CTTTGTT	CAAAGGAGGCATTGTT	+
2	SOX13_MOUSE.H11MO.0.D	0	4.4083e-05	0.0234081	0.00540625	7	CTTTGTT	CATTGTTC	+
2	SOX4_MOUSE.H11MO.0.A	2	4.70029e-05	0.0249586	0.00540625	7	CTTTGTT	TCCTTTGTTCTC	+
2	SOX2_MOUSE.H11MO.0.A	2	6.23104e-05	0.0330868	0.00645023	7	CTTTGTT	TCCTTTGTTATGCAAA	+
2	FOXQ1_MOUSE.H11MO.0.C	0	7.1869e-05	0.0381624	0.00671263	7	CTTTGTT	TATTGTTTATTT	+
2	FOXC1_MOUSE.H11MO.0.C	0	7.78144e-05	0.0413194	0.00671263	7	CTTTGTT	CATTGTTTACTTAAG	+
2	SOX9_MOUSE.H11MO.1.A	1	0.000111638	0.0592799	0.00888963	7	CTTTGTT	CCTTTGTTCTC	+
2	SOX10_MOUSE.H11MO.1.A	2	0.000150209	0.079761	0.0106819	7	CTTTGTT	GCCTTTGTTCT	+
2	FOXO4_MOUSE.H11MO.0.C	-2	0.000154784	0.0821903	0.0106819	5	CTTTGTT	TTGTTTATT	+
2	SOX18_MOUSE.H11MO.0.D	5	0.000252582	0.134121	0.0163417	7	CTTTGTT	GAACCCATTGTTCTTTTCC	+
2	FOXJ3_MOUSE.H11MO.1.B	4	0.000395261	0.209884	0.0240685	7	CTTTGTT	TTGTTTTTGTTTA	+
2	FOXC2_MOUSE.H11MO.0.D	0	0.000499375	0.265168	0.0287189	7	CTTTGTT	GTTTGTTTTGCCAGA	+
2	FOXD1_MOUSE.H11MO.0.D	0	0.000652124	0.346278	0.0355296	7	CTTTGTT	CTTTGTTTACTTAAG	+
2	NANOG_MOUSE.H11MO.0.A	2	0.000859008	0.456133	0.0444612	7	CTTTGTT	TCCTTTGTTATGCAAAT	+
2	DMRT1_MOUSE.H11MO.0.C	6	0.00143046	0.759574	0.0682594	7	CTTTGTT	TTGCTACATTGTATCAA	-
2	FOXJ3_MOUSE.H11MO.0.A	-2	0.00154425	0.819998	0.0682594	5	CTTTGTT	TTGTTTATTTTTT	+
2	GCR_MOUSE.H11MO.1.A	1	0.00158103	0.839526	0.0682594	7	CTTTGTT	ATTCTGTTCTTT	-
2	SOX17_MOUSE.H11MO.0.D	2	0.00158256	0.840339	0.0682594	7	CTTTGTT	GCCATTGTTTT	+
2	PO5F1_MOUSE.H11MO.0.A	1	0.00167587	0.88989	0.069393	7	CTTTGTT	CCATTGTTATGCAAAT	+
2	ANDR_MOUSE.H11MO.1.A	1	0.00185102	0.98289	0.0736972	7	CTTTGTT	ACTGTGTTCTTT	+
2	FOXA2_MOUSE.H11MO.0.A	0	0.00195976	1.04063	0.0751371	7	CTTTGTT	CCTTGTTTACTTT	+
2	FOXO3_MOUSE.H11MO.0.B	-1	0.00209057	1.11009	0.0772897	6	CTTTGTT	CCTGTTTACA	+
2	FOXO1_MOUSE.H11MO.0.A	0	0.00303506	1.61162	0.108339	7	CTTTGTT	GCCTGTTTAC	+
2	FOXP2_MOUSE.H11MO.0.A	-2	0.00326014	1.73114	0.112494	5	CTTTGTT	TTGTTTACT	+
2	FOXK1_MOUSE.H11MO.0.A	-1	0.00485206	2.57644	0.156961	6	CTTTGTT	CTTGTTTACAT	+
2	FOXF1_MOUSE.H11MO.0.D	-2	0.00485206	2.57644	0.156961	5	CTTTGTT	ATGTTTATTTT	+
2	DMRTB_MOUSE.H11MO.0.C	6	0.00534507	2.83823	0.167669	7	CTTTGTT	TTGCTACATTGTATCC	+
2	FOXA3_MOUSE.H11MO.0.A	-1	0.00741384	3.93675	0.225724	6	CTTTGTT	CTTGTTTACTTTG	+
2	TCF7_MOUSE.H11MO.0.A	5	0.00766247	4.06877	0.226629	7	CTTTGTT	GTTTCCTTTGATCTTT	-
2	FOXL2_MOUSE.H11MO.0.C	-3	0.00792567	4.20853	0.227902	4	CTTTGTT	TGTTTACATTT	+
2	LEF1_MOUSE.H11MO.0.B	2	0.0109596	5.81956	0.306625	7	CTTTGTT	TCCTTTGATTTGCT	+
2	TF7L2_MOUSE.H11MO.0.A	2	0.0119708	6.35647	0.326101	7	CTTTGTT	CCCTTTGATGTGG	+
2	FOXJ2_MOUSE.H11MO.0.C	1	0.0130227	6.91503	0.34566	7	CTTTGTT	TGTTTATTTA	+
2	FOXD3_MOUSE.H11MO.0.C	-1	0.013892	7.37666	0.359517	6	CTTTGTT	TTTGTTTACTTAGCA	+
2	TF7L1_MOUSE.H11MO.0.A	2	0.0154084	8.18186	0.389034	7	CTTTGTT	GCCTTTGATGT	+
2	FOXA1_MOUSE.H11MO.0.A	-3	0.0157919	8.38551	0.389224	4	CTTTGTT	TGTTTACATA	+
2	FOXF2_MOUSE.H11MO.0.D	-3	0.0175078	9.29664	0.42148	4	CTTTGTT	TGTTTACTTTT	+
2	ANDR_MOUSE.H11MO.0.A	6	0.0198181	10.5234	0.466254	7	CTTTGTT	GGAACACTCTGTTCCT	+
2	CUX2_MOUSE.H11MO.0.C	2	0.0211343	11.2223	0.481665	7	CTTTGTT	TTCATTGATTT	-
2	PRGR_MOUSE.H11MO.1.A	-2	0.0214037	11.3654	0.481665	5	CTTTGTT	CTGTTCTT	-
2	PRGR_MOUSE.H11MO.0.A	6	0.0219345	11.6472	0.483109	7	CTTTGTT	AGAACATTCTGTTCT	-
3	SALL4_MOUSE.H11MO.0.A	0	8.98839e-06	0.00477284	0.00927893	7	CCCACCC	CCCACCCTCC	-
3	KLF5_MOUSE.H11MO.0.A	2	3.23336e-05	0.0171691	0.0166894	7	CCCACCC	GCCCCACCCTGCCCC	-
3	KLF4_MOUSE.H11MO.0.A	2	6.28702e-05	0.0333841	0.019846	7	CCCACCC	GCCACACCCACTCCA	-
3	EGR2_MOUSE.H11MO.0.A	2	7.68983e-05	0.040833	0.019846	7	CCCACCC	CCCCCGCCCACGCC	-
3	KLF3_MOUSE.H11MO.0.A	6	0.000124851	0.0662961	0.0209178	7	CCCACCC	CCCGGCCCCGCCCCTCCCC	-
3	KLF1_MOUSE.H11MO.0.A	6	0.000142512	0.075674	0.0209178	7	CCCACCC	CCCGGCCCCACCCT	-
3	MAZ_MOUSE.H11MO.1.A	2	0.00014712	0.0781208	0.0209178	7	CCCACCC	CCCCCTCCCTC	-
3	SP1_MOUSE.H11MO.1.A	2	0.000162103	0.0860766	0.0209178	7	CCCACCC	GCCCCGCCCCC	-
3	KLF6_MOUSE.H11MO.0.B	8	0.000208775	0.11086	0.0218566	7	CCCACCC	CCCCCGGCCCCGCCCTTCC	-
3	EGR1_MOUSE.H11MO.0.A	1	0.000211723	0.112425	0.0218566	7	CCCACCC	CCCCGCCCCCGCAC	-
3	SALL1_MOUSE.H11MO.0.D	6	0.0002385	0.126644	0.0223827	7	CCCACCC	CCCTGCCCCACCCTCCC	-
3	SP3_MOUSE.H11MO.0.B	7	0.000274515	0.145768	0.0236157	7	CCCACCC	CCCCGGCCCCGCCCCCCCCC	-
3	ZN148_MOUSE.H11MO.0.D	1	0.000317235	0.168452	0.0250841	7	CCCACCC	CCCCTCCCCCACCCC	-
3	GLI1_MOUSE.H11MO.0.C	2	0.000340182	0.180637	0.0250841	7	CCCACCC	AGACCACCCAGG	-
3	ZN281_MOUSE.H11MO.0.A	1	0.00038292	0.20333	0.0263531	7	CCCACCC	CCCCTCCCCCACCCC	-
3	ZIC1_MOUSE.H11MO.0.B	1	0.000550632	0.292386	0.0355269	7	CCCACCC	GACCACCCC	-
3	EGR2_MOUSE.H11MO.1.A	5	0.000611217	0.324556	0.0371161	7	CCCACCC	CCCCCCCCTCCCACGCCC	-
3	GLI3_MOUSE.H11MO.0.D	2	0.000751808	0.39921	0.0431171	7	CCCACCC	AGACCACCCAGG	-
3	SP4_MOUSE.H11MO.1.B	4	0.000800345	0.424983	0.043485	7	CCCACCC	CGGCCCCGCCCCCTCC	-
3	ZBT17_MOUSE.H11MO.0.A	4	0.000867131	0.460446	0.044758	7	CCCACCC	CCGCCCCTCCCCCACCCCC	-
3	SP2_MOUSE.H11MO.1.C	2	0.00105006	0.55758	0.0516189	7	CCCACCC	GCCCCGCCCCCT	-
3	GLI2_MOUSE.H11MO.0.D	2	0.00229304	1.2176	0.103353	7	CCCACCC	AGACCACCCAC	-
3	MAZ_MOUSE.H11MO.0.A	13	0.00230269	1.22273	0.103353	7	CCCACCC	CCCCCCCCCCCCCCCCTCCCCC	-
3	SP5_MOUSE.H11MO.1.C	1	0.00269076	1.42879	0.109966	7	CCCACCC	CTCCTCCCCCTCC	-
3	E2F1_MOUSE.H11MO.0.A	3	0.00271341	1.44082	0.109966	7	CCCACCC	TTTCCCGCCCTC	-
3	SP1_MOUSE.H11MO.0.A	6	0.00280666	1.49034	0.109966	7	CCCACCC	CCCGGCCCCGCCCCCTCCCCCCCC	-
3	EGR3_MOUSE.H11MO.0.D	3	0.00287613	1.52722	0.109966	7	CCCACCC	ACACCCACTCT	-
3	KLF15_MOUSE.H11MO.0.A	11	0.00305308	1.62119	0.112563	7	CCCACCC	CCCCCCCCTGCTCCTCCCC	-
3	E2F4_MOUSE.H11MO.0.A	4	0.00329456	1.74941	0.117278	7	CCCACCC	ATTTCCCGCCCCCT	-
3	SP2_MOUSE.H11MO.0.B	8	0.00373808	1.98492	0.12863	7	CCCACCC	CCCCCGGCCCCGCCCCCCCCCC	-
3	SP4_MOUSE.H11MO.0.B	6	0.0044826	2.38026	0.149274	7	CCCACCC	CCCGGCCCCGCCCCCTTCCC	-
3	KLF8_MOUSE.H11MO.0.C	-2	0.00582743	3.09437	0.187603	5	CCCACCC	CACCCCCTG	-
3	HTF4_MOUSE.H11MO.0.A	0	0.00601955	3.19638	0.187603	7	CCCACCC	CCCACCTGCT	-
3	SP5_MOUSE.H11MO.0.C	1	0.00617878	3.28093	0.187603	7	CCCACCC	CTCCTCCCCCTCCCCCTCCCCCCC	-
3	TFDP1_MOUSE.H11MO.0.D	4	0.00686782	3.64681	0.202566	7	CCCACCC	TTTTCCCGCCCCCC	-
3	EGR4_MOUSE.H11MO.0.D	2	0.00731061	3.88193	0.206529	7	CCCACCC	GCCCTGCCGCC	-
3	E2F3_MOUSE.H11MO.0.A	3	0.00740232	3.93063	0.206529	7	CCCACCC	CCTCCCGCCC	-
3	WT1_MOUSE.H11MO.1.A	2	0.00783104	4.15828	0.207531	7	CCCACCC	CCTCCTCCCAC	-
3	E2F6_MOUSE.H11MO.0.A	4	0.00802836	4.26306	0.207531	7	CCCACCC	CCTTCCCGCCCA	-
3	E2F7_MOUSE.H11MO.0.C	5	0.00804133	4.26995	0.207531	7	CCCACCC	CCTTTCCCGCCCC	-
3	ZN423_MOUSE.H11MO.0.D	-1	0.0101449	5.38696	0.252387	6	CCCACCC	GCACCCTTGGGTGCC	-
3	SUH_MOUSE.H11MO.0.A	4	0.0102684	5.4525	0.252387	7	CCCACCC	TTTTCCCACGC	-
3	SRBP2_MOUSE.H11MO.0.B	6	0.0105841	5.62013	0.254097	7	CCCACCC	CCTCACCCCACCC	-
3	NR0B1_MOUSE.H11MO.0.D	3	0.0110685	5.87737	0.259688	7	CCCACCC	TCTCCCACGC	-
3	SNAI1_MOUSE.H11MO.0.C	-1	0.0117252	6.2261	0.268983	6	CCCACCC	CCACCTGG	-
3	ARNT2_MOUSE.H11MO.0.D	4	0.0120543	6.40084	0.270521	7	CCCACCC	GCCTCCCACGCC	-
3	WT1_MOUSE.H11MO.0.B	7	0.0125015	6.6383	0.274587	7	CCCACCC	CCCCCCCTCCTCCCCCGCCC	-
3	TBX3_MOUSE.H11MO.0.B	1	0.0129709	6.88753	0.278961	7	CCCACCC	TAGCACCTT	-
3	GLIS3_MOUSE.H11MO.0.D	1	0.0152974	8.1229	0.322282	7	CCCACCC	TACCCCCCAC	-
3	RREB1_MOUSE.H11MO.0.D	7	0.0163151	8.6633	0.336848	7	CCCACCC	ACCCCAAACCACCCCCCCCCCC	-
3	TBX5_MOUSE.H11MO.0.D	1	0.0172052	9.13595	0.348261	7	CCCACCC	TCACACCT	-
3	PURA_MOUSE.H11MO.0.D	5	0.0209358	11.1169	0.408368	7	CCCACCC	CCCTGCCCCCCCCTTCC	-
3	ZEB1_MOUSE.H11MO.0.B	0	0.0209658	11.1329	0.408368	7	CCCACCC	CTCACCTGTC	-

# Tomtom (Motif Comparison Tool): Version 5.4.1 compiled on Feb 25 2022 at 10:50:30
# The format of this file is described at https://meme-suite.org/meme/doc/tomtom-output-format.html.
# tomtom combined.meme /Users/cmdb/Downloads/motif_databases/MOUSE/HOCOMOCOv11_full_MOUSE_mono_meme_format.meme
